course_id,title,credits,dept_id,instructor_id
1,Introduction to Take,1,89,530
2,Introduction to Computer,1,20,973
3,Introduction to Between,4,25,141
4,Introduction to Determine,3,97,297
5,Introduction to Rest,1,81,648
6,Introduction to Enter,2,32,861
7,Introduction to Expect,3,15,967
8,Introduction to Smile,1,46,772
9,Introduction to Yard,4,37,175
10,Introduction to Country,2,49,157
11,Introduction to Answer,1,17,769
12,Introduction to Product,1,20,100
13,Introduction to Discuss,4,98,694
14,Introduction to Show,1,90,143
15,Introduction to Begin,4,1,813
16,Introduction to Star,3,57,215
17,Introduction to Quickly,2,21,70
18,Introduction to Value,1,2,642
19,Introduction to Forward,1,15,777
20,Introduction to Consumer,1,30,172
21,Introduction to Whom,1,15,812
22,Introduction to Four,2,81,285
23,Introduction to Support,4,80,665
24,Introduction to Book,3,34,281
25,Introduction to Type,4,52,483
26,Introduction to Some,4,91,977
27,Introduction to Front,3,31,941
28,Introduction to Level,4,80,736
29,Introduction to Until,2,45,46
30,Introduction to Present,2,77,846
31,Introduction to Argue,2,26,549
32,Introduction to Soon,4,32,677
33,Introduction to Cover,1,12,501
34,Introduction to Question,3,1,569
35,Introduction to Need,4,17,41
36,Introduction to Data,2,35,922
37,Introduction to Source,3,66,788
38,Introduction to Third,1,42,667
39,Introduction to Myself,1,62,516
40,Introduction to Reality,1,64,313
41,Introduction to And,2,79,657
42,Introduction to Share,1,74,932
43,Introduction to Born,1,10,859
44,Introduction to Treat,1,9,91
45,Introduction to Physical,2,6,502
46,Introduction to Market,1,12,178
47,Introduction to Throw,4,67,559
48,Introduction to Check,2,13,843
49,Introduction to Left,1,85,41
50,Introduction to Way,2,79,767
51,Introduction to Care,2,75,893
52,Introduction to Break,1,64,918
53,Introduction to Explain,3,83,181
54,Introduction to Candidate,2,87,144
55,Introduction to Measure,1,34,23
56,Introduction to Can,3,28,732
57,Introduction to Analysis,2,46,413
58,Introduction to Local,2,41,724
59,Introduction to News,2,8,410
60,Introduction to Decide,1,67,422
61,Introduction to Gas,4,21,591
62,Introduction to They,4,92,389
63,Introduction to World,1,57,761
64,Introduction to Customer,4,65,385
65,Introduction to Me,4,60,629
66,Introduction to My,2,10,758
67,Introduction to Service,3,49,553
68,Introduction to Listen,1,45,466
69,Introduction to Become,1,86,870
70,Introduction to Could,2,47,18
71,Introduction to Hospital,4,22,933
72,Introduction to Right,1,23,434
73,Introduction to Tough,1,90,703
74,Introduction to Impact,4,53,158
75,Introduction to Finally,1,71,920
76,Introduction to Work,1,16,866
77,Introduction to Audience,4,40,186
78,Introduction to Wrong,4,28,893
79,Introduction to Rather,4,71,965
80,Introduction to Discover,2,41,507
81,Introduction to Thousand,1,100,433
82,Introduction to System,1,15,366
83,Introduction to Read,4,1,291
84,Introduction to Degree,2,78,282
85,Introduction to You,4,39,3
86,Introduction to Stop,3,44,550
87,Introduction to Last,2,92,545
88,Introduction to Financial,4,50,975
89,Introduction to Hour,2,80,918
90,Introduction to Event,1,85,817
91,Introduction to The,3,16,518
92,Introduction to Single,4,31,978
93,Introduction to Parent,2,96,78
94,Introduction to Maybe,4,84,135
95,Introduction to Live,1,84,958
96,Introduction to Conference,1,10,435
97,Introduction to Very,1,22,741
98,Introduction to Game,1,31,257
99,Introduction to Unit,2,62,900
100,Introduction to Range,1,36,54
101,Introduction to Go,3,83,282
102,Introduction to Important,1,40,915
103,Introduction to Opportunity,1,85,350
104,Introduction to Letter,2,73,998
105,Introduction to Peace,4,100,149
106,Introduction to Prepare,1,96,374
107,Introduction to Quite,2,9,362
108,Introduction to Entire,2,86,95
109,Introduction to Quality,2,76,733
110,Introduction to Option,1,28,903
111,Introduction to Do,1,48,918
112,Introduction to Nothing,3,68,477
113,Introduction to Father,2,39,793
114,Introduction to Hear,2,8,757
115,Introduction to Interesting,3,4,771
116,Introduction to Stuff,3,75,376
117,Introduction to Wife,1,42,584
118,Introduction to Career,2,22,266
119,Introduction to Ground,2,79,526
120,Introduction to Find,1,17,215
121,Introduction to Result,2,23,989
122,Introduction to Give,2,14,63
123,Introduction to First,4,89,918
124,Introduction to Year,1,12,349
125,Introduction to Get,2,30,409
126,Introduction to Democratic,4,49,462
127,Introduction to Either,1,2,239
128,Introduction to Security,1,19,302
129,Introduction to Practice,2,21,472
130,Introduction to Worker,4,56,978
131,Introduction to Believe,2,92,961
132,Introduction to South,2,71,987
133,Introduction to Area,2,94,226
134,Introduction to Republican,4,68,705
135,Introduction to Prevent,3,27,220
136,Introduction to Experience,3,27,234
137,Introduction to Move,4,45,987
138,Introduction to Student,4,91,890
139,Introduction to Purpose,4,12,492
140,Introduction to Always,2,66,703
141,Introduction to Because,4,90,404
142,Introduction to Current,1,77,546
143,Introduction to Else,4,10,20
144,Introduction to Likely,4,24,283
145,Introduction to National,3,25,904
146,Introduction to Rock,2,64,538
147,Introduction to Bed,1,98,831
148,Introduction to Car,1,50,277
149,Introduction to Civil,1,83,398
150,Introduction to Point,4,91,343
151,Introduction to Here,2,16,981
152,Introduction to Suddenly,3,86,756
153,Introduction to Project,1,3,592
154,Introduction to Feel,2,77,684
155,Introduction to After,3,21,731
156,Introduction to Stay,1,67,110
157,Introduction to Produce,4,12,751
158,Introduction to Budget,2,87,759
159,Introduction to War,2,41,829
160,Introduction to Push,3,85,293
161,Introduction to Religious,1,11,931
162,Introduction to Case,1,75,417
163,Introduction to Crime,4,23,13
164,Introduction to Friend,3,81,435
165,Introduction to Hundred,3,70,215
166,Introduction to Evidence,2,83,351
167,Introduction to High,1,64,644
168,Introduction to Happen,2,57,31
169,Introduction to Guy,2,14,122
170,Introduction to Official,3,71,476
171,Introduction to Change,2,50,555
172,Introduction to Bag,3,75,153
173,Introduction to Build,2,96,897
174,Introduction to Someone,4,10,70
175,Introduction to Trip,4,95,521
176,Introduction to Wall,3,71,707
177,Introduction to Exist,2,62,536
178,Introduction to Affect,2,38,31
179,Introduction to Beyond,1,62,132
180,Introduction to President,1,81,3
181,Introduction to Sit,2,28,308
182,Introduction to Hand,2,12,928
183,Introduction to Its,3,7,680
184,Introduction to Draw,4,36,334
185,Introduction to Girl,4,30,9
186,Introduction to Upon,1,58,479
187,Introduction to Tonight,1,22,138
188,Introduction to Poor,4,31,607
189,Introduction to Bad,3,66,286
190,Introduction to Behavior,2,54,494
191,Introduction to Drive,3,87,821
192,Introduction to Season,3,54,52
193,Introduction to Least,4,36,615
194,Introduction to Role,2,2,905
195,Introduction to Where,4,57,837
196,Introduction to Head,1,14,360
197,Introduction to Field,1,29,54
198,Introduction to Foreign,3,80,663
199,Introduction to Theory,3,48,198
200,Introduction to Senior,3,37,731
201,Introduction to Step,1,22,892
202,Introduction to Fear,4,35,891
203,Introduction to I,4,40,35
204,Introduction to Moment,1,94,690
205,Introduction to Direction,4,70,990
206,Introduction to Age,1,93,522
207,Introduction to Court,3,52,288
208,Introduction to Sound,4,34,822
209,Introduction to Staff,3,58,202
210,Introduction to Let,3,88,851
211,Introduction to Wonder,3,59,618
212,Introduction to Pm,1,42,496
213,Introduction to Finish,4,37,9
214,Introduction to Night,2,25,802
215,Introduction to Collection,3,69,841
216,Introduction to Situation,4,1,152
217,Introduction to Structure,1,99,108
218,Introduction to Grow,3,6,842
219,Introduction to Environment,2,57,641
220,Introduction to Will,3,80,520
221,Introduction to Interest,4,84,184
222,Introduction to Red,2,96,409
223,Introduction to Government,3,44,68
224,Introduction to Once,2,6,392
225,Introduction to Bar,1,81,258
226,Introduction to Church,2,79,490
227,Introduction to Too,4,74,57
228,Introduction to Would,2,98,797
229,Introduction to Animal,1,100,60
230,Introduction to Sister,4,17,88
231,Introduction to Much,4,34,960
232,Introduction to Test,1,59,309
233,Introduction to Week,2,24,828
234,Introduction to Marriage,3,80,236
235,Introduction to Usually,4,48,60
236,Introduction to Eat,3,23,620
237,Introduction to Few,3,19,179
238,Introduction to Daughter,1,61,687
239,Introduction to Choice,1,11,261
240,Introduction to Small,2,24,885
241,Introduction to Act,4,87,18
242,Introduction to Political,2,95,81
243,Introduction to Hope,4,25,571
244,Introduction to Appear,1,66,400
245,Introduction to Better,1,49,101
246,Introduction to Available,2,21,93
247,Introduction to Nor,4,59,254
248,Introduction to Key,1,17,209
249,Introduction to Sell,2,5,872
250,Introduction to Seem,2,23,715
251,Introduction to City,4,32,535
252,Introduction to Public,3,80,432
253,Introduction to Although,2,9,745
254,Introduction to For,2,35,430
255,Introduction to Per,1,74,305
256,Introduction to Identify,4,76,680
257,Introduction to Energy,3,52,51
258,Introduction to Compare,1,54,355
259,Introduction to Decision,4,8,943
260,Introduction to Agree,2,22,107
261,Introduction to Easy,3,25,687
262,Introduction to We,3,2,354
263,Introduction to Something,3,26,271
264,Introduction to Vote,4,91,585
265,Introduction to Idea,1,9,355
266,Introduction to Itself,3,16,61
267,Introduction to If,4,75,443
268,Introduction to To,2,45,163
269,Introduction to Even,2,89,345
270,Introduction to Many,2,67,646
271,Introduction to Off,1,22,604
272,Introduction to Research,1,42,29
273,Introduction to Keep,4,96,78
274,Introduction to Of,1,68,999
275,Introduction to Himself,1,62,495
276,Introduction to Woman,3,19,874
277,Introduction to What,3,68,388
278,Introduction to Effort,2,73,664
279,Introduction to Relate,4,71,446
280,Introduction to Sense,1,91,455
281,Introduction to Enough,4,69,553
282,Introduction to Window,4,100,364
283,Introduction to Bring,4,79,42
284,Introduction to Young,4,14,719
285,Introduction to Fish,1,3,511
286,Introduction to Make,3,25,796
287,Introduction to Join,4,42,164
288,Introduction to Write,1,5,568
289,Introduction to Clear,3,93,676
290,Introduction to Stand,2,83,336
291,Introduction to Long,2,45,405
292,Introduction to Edge,3,46,862
293,Introduction to Accept,3,70,358
294,Introduction to Maintain,2,40,64
295,Introduction to Fund,4,69,608
296,Introduction to Trade,2,50,77
297,Introduction to Serve,2,70,601
298,Introduction to Learn,4,91,732
299,Introduction to Lead,4,60,474
300,Introduction to Sometimes,2,29,744
301,Introduction to Number,3,53,956
302,Introduction to Center,4,62,784
303,Introduction to Her,4,58,287
304,Introduction to Together,3,81,126
305,Introduction to Like,3,95,846
306,Introduction to Seek,1,26,165
307,Introduction to Memory,1,53,115
308,Introduction to Information,2,39,889
309,Introduction to Billion,4,41,963
310,Introduction to Certain,3,7,712
311,Introduction to Tend,2,93,757
312,Introduction to As,1,10,82
313,Introduction to But,1,91,377
314,Introduction to Place,2,86,159
315,Introduction to Treatment,4,73,1000
316,Introduction to Machine,1,99,959
317,Introduction to Form,4,6,436
318,Introduction to Plant,1,2,913
319,Introduction to Yet,2,97,849
320,Introduction to A,2,85,982
321,Introduction to Shoulder,3,37,676
322,Introduction to End,3,5,588
323,Introduction to Ask,2,45,836
324,Introduction to By,1,89,553
325,Introduction to Town,1,52,505
326,Introduction to View,3,35,991
327,Introduction to Whatever,1,61,235
328,Introduction to Effect,2,29,134
329,Introduction to Production,4,51,75
330,Introduction to Beautiful,4,74,379
331,Introduction to Beat,3,37,45
332,Introduction to Camera,1,12,795
333,Introduction to Simple,3,15,407
334,Introduction to Near,2,48,480
335,Introduction to Benefit,2,23,493
336,Introduction to Table,3,61,658
337,Introduction to Who,4,76,90
338,Introduction to Apply,4,71,410
339,Introduction to Establish,2,15,757
340,Introduction to Activity,2,6,545
341,Introduction to See,4,73,732
342,Introduction to Pattern,4,87,947
343,Introduction to Election,1,73,932
344,Introduction to Us,3,69,538
345,Introduction to Under,4,66,57
346,Introduction to Industry,1,21,128
347,Introduction to Call,4,69,888
348,Introduction to Investment,4,28,538
349,Introduction to Send,1,43,18
350,Introduction to Network,2,13,455
351,Introduction to Rule,1,47,355
352,Introduction to Popular,1,21,222
353,Introduction to Involve,2,38,143
354,Introduction to Fire,4,11,211
355,Introduction to Along,2,24,633
356,Introduction to White,1,69,242
357,Introduction to Mouth,1,72,592
358,Introduction to Message,1,65,650
359,Introduction to Arm,3,57,26
360,Introduction to Those,3,42,617
361,Introduction to Special,3,46,505
362,Introduction to Example,2,92,733
363,Introduction to Expert,3,32,999
364,Introduction to Well,3,10,14
365,Introduction to Receive,4,37,115
366,Introduction to Wind,2,72,437
367,Introduction to Body,2,50,590
368,Introduction to Adult,1,23,249
369,Introduction to Ok,1,17,383
370,Introduction to Next,2,93,670
371,Introduction to Hit,4,14,252
372,Introduction to Score,3,4,254
373,Introduction to Language,2,63,139
374,Introduction to Account,4,36,207
375,Introduction to Coach,4,43,771
376,Introduction to Dog,2,83,827
377,Introduction to Low,3,94,94
378,Introduction to Follow,2,52,642
379,Introduction to Contain,3,25,116
380,Introduction to Player,2,20,43
381,Introduction to Son,4,54,491
382,Introduction to No,4,1,474
383,Introduction to Five,3,92,29
384,Introduction to Artist,3,40,842
385,Introduction to Various,3,2,914
386,Introduction to Everyone,3,71,968
387,Introduction to Summer,1,54,861
388,Introduction to Stock,1,16,216
389,Introduction to Federal,1,43,917
390,Introduction to Member,1,82,153
391,Introduction to Than,1,53,584
392,Introduction to Back,3,47,693
393,Introduction to Box,4,78,684
394,Introduction to Leader,4,72,990
395,Introduction to Science,2,83,741
396,Introduction to Picture,1,19,684
397,Introduction to Before,3,28,807
398,Introduction to Brother,1,36,932
399,Introduction to Two,1,100,939
400,Introduction to Huge,4,44,823
401,Introduction to Method,4,81,50
402,Introduction to Save,3,17,961
403,Introduction to Nation,2,2,846
404,Introduction to Painting,2,63,420
405,Introduction to Land,2,53,806
406,Introduction to Top,2,26,568
407,Introduction to Note,1,92,458
408,Introduction to American,2,6,490
409,Introduction to Still,2,41,548
410,Introduction to Task,1,100,480
411,Introduction to List,1,42,106
412,Introduction to Meet,2,86,5
413,Introduction to Knowledge,1,44,270
414,Introduction to Sing,1,83,325
415,Introduction to Operation,4,92,812
416,Introduction to Develop,1,8,483
417,Introduction to Travel,4,79,699
418,Introduction to Suffer,1,85,839
419,Introduction to Success,2,21,725
420,Introduction to During,1,40,297
421,Introduction to Respond,2,53,527
422,Introduction to Time,2,4,594
423,Introduction to Recognize,3,77,312
424,Introduction to While,2,30,938
425,Introduction to Party,2,26,510
426,Introduction to Speak,4,88,967
427,Introduction to Sea,3,36,179
428,Introduction to Phone,4,80,471
429,Introduction to Scene,3,28,793
430,Introduction to Image,2,75,493
431,Introduction to Magazine,2,4,925
432,Introduction to Which,1,56,690
433,Introduction to Imagine,2,9,631
434,Introduction to Teacher,4,47,815
435,Introduction to Require,3,47,470
436,Introduction to Be,3,81,887
437,Introduction to Open,3,24,989
438,Introduction to Officer,2,65,12
439,Introduction to Major,2,15,277
440,Introduction to Hair,2,41,399
441,Introduction to Actually,2,70,956
442,Introduction to Development,2,40,624
443,Introduction to Turn,2,86,231
444,Introduction to Fast,4,41,18
445,Introduction to Admit,4,18,628
446,Introduction to Owner,2,3,69
447,Introduction to Day,1,26,513
448,Introduction to Relationship,4,43,512
449,Introduction to Company,4,87,561
450,Introduction to Glass,4,20,544
451,Introduction to Pick,1,86,664
452,Introduction to Rich,2,42,495
453,Introduction to Toward,2,49,858
454,Introduction to Away,2,69,872
455,Introduction to Community,2,94,87
456,Introduction to Standard,1,97,821
457,Introduction to Study,2,61,8
458,Introduction to Across,1,28,46
459,Introduction to Indeed,3,38,654
460,Introduction to Voice,3,47,799
461,Introduction to Think,3,2,682
462,Introduction to Race,4,95,637
463,Introduction to Blue,3,96,290
464,Introduction to Media,2,88,767
465,Introduction to Focus,4,2,319
466,Introduction to Story,4,60,962
467,Introduction to Though,2,54,886
468,Introduction to Central,3,3,368
469,Introduction to Above,3,82,385
470,Introduction to Laugh,2,40,218
471,Introduction to Less,3,43,976
472,Introduction to Within,1,23,125
473,Introduction to Factor,3,55,336
474,Introduction to Occur,4,27,683
475,Introduction to Democrat,1,86,518
476,Introduction to Same,4,61,44
477,Introduction to Future,4,84,187
478,Introduction to Possible,3,52,761
479,Introduction to Fact,3,5,688
480,Introduction to When,3,61,750
481,Introduction to Raise,4,13,333
482,Introduction to Pull,4,28,965
483,Introduction to Outside,2,68,615
484,Introduction to Several,1,88,911
485,Introduction to Realize,3,34,365
486,Introduction to Serious,1,85,232
487,Introduction to Clearly,3,20,309
488,Introduction to Mother,3,87,185
489,Introduction to Tv,1,9,95
490,Introduction to Second,1,80,107
491,Introduction to Law,4,87,259
492,Introduction to Whole,1,44,886
493,Introduction to Air,1,18,553
494,Introduction to Little,1,90,282
495,Introduction to Kitchen,1,100,496
496,Introduction to Military,2,61,644
497,Introduction to Indicate,4,21,208
498,Introduction to Talk,2,71,765
499,Introduction to Power,2,30,407
500,Introduction to Agreement,1,95,63
501,Introduction to Economy,4,76,18
502,Introduction to Over,3,68,274
503,Introduction to Subject,4,13,650
504,Introduction to Personal,3,57,476
505,Introduction to Manager,2,67,510
506,Introduction to Reveal,1,100,408
507,Introduction to Medical,3,34,214
508,Introduction to Interview,2,32,583
509,Introduction to Rise,3,12,560
510,Introduction to Main,3,63,878
511,Introduction to Morning,3,69,940
512,Introduction to Positive,1,41,335
513,Introduction to Style,2,4,21
514,Introduction to Position,3,54,194
515,Introduction to Hotel,3,27,639
516,Introduction to Gun,2,58,976
517,Introduction to Old,3,94,46
518,Introduction to Fall,3,1,63
519,Introduction to Pass,4,32,165
520,Introduction to Thought,2,73,999
521,Introduction to Thing,2,6,696
522,Introduction to Program,2,32,303
523,Introduction to Three,4,62,449
524,Introduction to Similar,1,67,303
525,Introduction to Water,2,48,36
526,Introduction to Everything,3,48,908
527,Introduction to Deep,2,36,886
528,Introduction to Population,4,25,864
529,Introduction to Leg,1,47,203
530,Introduction to Kind,4,37,178
531,Introduction to Recently,3,85,385
532,Introduction to Not,4,61,626
533,Introduction to Own,4,70,285
534,Introduction to Perform,1,3,355
535,Introduction to Paper,2,57,774
536,Introduction to House,4,63,813
537,Introduction to Big,4,36,255
538,Introduction to Cell,2,67,384
539,Introduction to Nice,2,6,18
540,Introduction to East,2,79,636
541,Introduction to These,3,16,993
542,Introduction to Whose,1,74,373
543,Introduction to Already,3,14,684
544,Introduction to Board,3,72,666
545,Introduction to Notice,4,79,966
546,Introduction to Claim,3,69,971
547,Introduction to Word,4,55,237
548,Introduction to Figure,2,61,740
549,Introduction to How,4,34,610
550,Introduction to North,1,54,872
551,Introduction to Allow,4,13,27
552,Introduction to Responsibility,4,86,391
553,Introduction to Station,3,17,510
554,Introduction to Road,1,17,726
555,Introduction to Issue,2,54,475
556,Introduction to Institution,3,12,956
557,Introduction to Inside,3,13,655
558,Introduction to Short,2,61,439
559,Introduction to Education,4,8,495
560,Introduction to Reach,3,65,917
561,Introduction to Lay,3,21,856
562,Introduction to Movie,4,70,791
563,Introduction to Boy,2,18,396
564,Introduction to All,4,7,4
565,Introduction to Office,3,81,612
566,Introduction to Difference,4,93,474
567,Introduction to Run,4,59,611
568,Introduction to Seven,1,70,448
569,Introduction to Safe,4,10,643
570,Introduction to Despite,2,17,481
571,Introduction to Then,1,1,427
572,Introduction to Business,2,4,981
573,Introduction to Evening,3,44,854
574,Introduction to Decade,2,69,475
575,Introduction to Discussion,3,53,808
576,Introduction to Win,1,37,120
577,Introduction to Necessary,1,81,870
578,Introduction to Any,2,62,515
579,Introduction to People,3,44,976
580,Introduction to Down,4,69,494
581,Introduction to Part,4,7,521
582,Introduction to Yeah,1,40,440
583,Introduction to Often,1,100,824
584,Introduction to Husband,1,56,399
585,Introduction to Art,1,37,287
586,Introduction to New,2,12,187
587,Introduction to Life,3,51,662
588,Introduction to Store,1,29,971
589,Introduction to Watch,1,50,951
590,Introduction to Anyone,4,2,245
591,Introduction to College,4,92,916
592,Introduction to Economic,4,34,865
593,Introduction to Attack,3,3,41
594,Introduction to Eight,1,88,110
595,Introduction to Society,3,6,749
596,Introduction to However,2,56,976
597,Introduction to Kid,4,16,651
598,Introduction to Hold,2,92,685
599,Introduction to Ago,1,4,199
600,Introduction to Floor,1,15,155
601,Introduction to Arrive,4,60,383
602,Introduction to Behind,3,93,344
603,Introduction to Baby,4,96,894
604,Introduction to Building,1,58,25
605,Introduction to Create,2,29,603
606,Introduction to Attention,4,74,190
607,Introduction to Without,1,79,846
608,Introduction to Hot,4,13,410
609,Introduction to Scientist,2,74,388
610,Introduction to Really,4,79,435
611,Introduction to Agency,2,26,368
612,Introduction to Mrs,3,43,793
613,Introduction to Fly,2,30,330
614,Introduction to Environmental,4,28,906
615,Introduction to Strong,3,59,543
616,Introduction to Mind,2,84,750
617,Introduction to Happy,3,64,614
618,Introduction to Skill,3,72,18
619,Introduction to Add,2,13,624
620,Introduction to He,1,53,196
621,Introduction to Them,1,62,179
622,Introduction to Have,3,27,9
623,Introduction to Music,4,23,948
624,Introduction to Thus,1,96,361
625,Introduction to Whether,2,22,403
626,Introduction to Bank,1,5,643
627,Introduction to Somebody,3,98,534
628,Introduction to Hard,3,10,70
629,Introduction to Certainly,4,49,889
630,Introduction to Side,1,60,527
631,Introduction to Mention,3,71,244
632,Introduction to Assume,4,88,835
633,Introduction to Campaign,2,46,976
634,Introduction to Herself,1,58,638
635,Introduction to Particularly,2,42,618
636,Introduction to Newspaper,3,22,637
637,Introduction to Attorney,2,60,444
638,Introduction to Participant,3,27,847
639,Introduction to Every,2,11,292
640,Introduction to Choose,3,7,289
641,Introduction to Ready,2,59,714
642,Introduction to Must,1,27,564
643,Introduction to Ten,3,72,628
644,Introduction to Cut,4,68,781
645,Introduction to School,3,91,275
646,Introduction to Detail,2,60,196
647,Introduction to Light,2,68,772
648,Introduction to Free,3,56,583
649,Introduction to Ability,4,26,75
650,Introduction to Force,4,61,504
651,Introduction to True,3,93,769
652,Introduction to Just,1,84,508
653,Introduction to Different,2,53,295
654,Introduction to Spend,3,56,67
655,Introduction to Other,4,75,555
656,Introduction to Sport,2,1,871
657,Introduction to Nature,4,31,993
658,Introduction to Half,4,51,93
659,Introduction to Sure,2,57,769
660,Introduction to Employee,4,6,376
661,Introduction to Capital,3,90,526
662,Introduction to Another,3,70,655
663,Introduction to Successful,1,74,586
664,Introduction to Plan,3,32,646
665,Introduction to Trouble,3,75,941
666,Introduction to Manage,2,25,517
667,Introduction to Mr,3,41,63
668,Introduction to It,3,91,168
669,Introduction to Western,3,25,43
670,Introduction to Simply,3,10,380
671,Introduction to Blood,1,31,707
672,Introduction to Space,4,51,336
673,Introduction to Him,3,12,581
674,Introduction to Policy,2,99,382
675,Introduction to Lose,3,93,592
676,Introduction to Final,3,52,251
677,Introduction to Continue,4,7,43
678,Introduction to Base,3,48,998
679,Introduction to Ever,4,98,492
680,Introduction to Large,3,53,238
681,Introduction to Instead,4,68,316
682,Introduction to Might,3,1,89
683,Introduction to Each,3,12,861
684,Introduction to Cultural,2,16,929
685,Introduction to Food,2,91,215
686,Introduction to Fill,2,76,947
687,Introduction to Debate,2,9,863
688,Introduction to Yes,1,35,730
689,Introduction to Specific,1,93,44
690,Introduction to Natural,4,84,749
691,Introduction to Help,4,79,164
692,Introduction to Catch,4,5,835
693,Introduction to Others,3,84,240
694,Introduction to On,2,37,189
695,Introduction to Play,2,42,215
696,Introduction to Congress,2,14,251
697,Introduction to Increase,3,39,628
698,Introduction to Mission,4,31,941
699,Introduction to Song,4,57,90
700,Introduction to Improve,2,58,950
701,Introduction to Matter,3,4,538
702,Introduction to Radio,3,52,822
703,Introduction to Amount,2,72,725
704,Introduction to Class,3,10,63
705,Introduction to Door,4,35,302
706,Introduction to Money,4,74,409
707,Introduction to Size,3,88,140
708,Introduction to Also,4,16,23
709,Introduction to Forget,1,100,591
710,Introduction to Organization,1,22,14
711,Introduction to Social,3,82,67
712,Introduction to Wear,1,20,604
713,Introduction to One,3,90,591
714,Introduction to More,1,27,42
715,Introduction to Probably,2,33,694
716,Introduction to Term,3,12,691
717,Introduction to Resource,1,31,502
718,Introduction to Feeling,1,7,548
719,Introduction to Understand,1,46,83
720,Introduction to Such,3,1,188
721,Introduction to Walk,2,92,681
722,Introduction to Ball,1,25,201
723,Introduction to Majority,4,3,349
724,Introduction to Visit,1,50,84
725,Introduction to Drop,2,68,831
726,Introduction to Goal,4,83,465
727,Introduction to Deal,4,61,257
728,Introduction to Commercial,2,81,425
729,Introduction to Condition,2,7,766
730,Introduction to Material,1,15,891
731,Introduction to Reflect,2,21,451
732,Introduction to West,2,73,824
733,Introduction to About,4,44,921
734,Introduction to Model,4,6,849
735,Introduction to Response,2,1,487
736,Introduction to Meeting,2,7,648
737,Introduction to Chance,2,77,308
738,Introduction to Stage,2,65,170
739,Introduction to Doctor,4,59,376
740,Introduction to Remember,2,41,731
741,Introduction to Color,1,66,561
742,Introduction to Bit,3,87,206
743,Introduction to Fight,2,42,246
744,Introduction to Report,4,72,594
745,Introduction to Charge,3,96,792
746,Introduction to Past,3,18,712
747,Introduction to Defense,4,72,887
748,Introduction to She,1,54,183
749,Introduction to Order,4,28,199
750,Introduction to This,3,42,515
751,Introduction to Strategy,1,95,993
752,Introduction to Home,3,83,455
753,Introduction to Reason,3,96,244
754,Introduction to Good,3,63,294
755,Introduction to Television,2,48,611
756,Introduction to Eye,1,46,60
757,Introduction to Generation,4,82,430
758,Introduction to Again,4,25,725
759,Introduction to Control,1,52,151
760,Introduction to Dark,3,79,300
761,Introduction to Cup,1,36,786
762,Introduction to Offer,2,24,206
763,Introduction to Start,1,85,508
764,Introduction to Difficult,1,74,427
765,Introduction to Southern,4,23,248
766,Introduction to Buy,3,95,998
767,Introduction to Tell,2,44,731
768,Introduction to Real,4,5,455
769,Introduction to Themselves,1,19,128
770,Introduction to Now,2,36,561
771,Introduction to Significant,2,22,213
772,Introduction to Far,2,31,737
773,Introduction to General,1,2,279
774,Introduction to Avoid,4,79,65
775,Introduction to Pay,1,94,906
776,Introduction to Region,3,62,36
777,Introduction to Able,1,21,625
778,Introduction to Job,1,61,487
779,Introduction to Full,3,53,422
780,Introduction to Statement,3,57,89
781,Introduction to Why,2,75,628
782,Introduction to Sign,4,3,544
783,Introduction to Later,1,89,561
784,Introduction to Enjoy,1,2,691
785,Introduction to Design,2,65,530
786,Introduction to Man,4,42,986
787,Introduction to Piece,4,3,242
788,Introduction to Former,3,36,775
789,Introduction to Including,3,23,830
790,Introduction to Seat,4,52,579
791,Introduction to Child,4,30,220
792,Introduction to Heavy,4,100,59
793,Introduction to In,2,43,221
794,Introduction to Century,3,93,943
795,Introduction to Try,3,69,443
796,Introduction to Remain,2,6,221
797,Introduction to Heart,3,55,834
798,Introduction to Include,1,28,362
799,Introduction to Mean,4,84,513
800,Introduction to Modern,1,44,608
801,Introduction to Up,4,60,664
802,Introduction to Citizen,1,70,864
803,Introduction to Or,4,29,184
804,Introduction to His,4,83,898
805,Introduction to Black,1,8,256
806,Introduction to Agent,2,21,152
807,Introduction to Property,3,26,513
808,Introduction to Action,3,61,110
809,Introduction to Director,2,21,741
810,Introduction to Foot,1,19,69
811,Introduction to Million,1,7,17
812,Introduction to Price,1,63,148
813,Introduction to International,3,62,988
814,Introduction to Reduce,3,5,368
815,Introduction to Through,3,52,9
816,Introduction to Describe,2,16,192
817,Introduction to Name,3,65,752
818,Introduction to Speech,4,48,261
819,Introduction to Today,4,4,620
820,Introduction to Risk,4,16,685
821,Introduction to Into,3,9,135
822,Introduction to Protect,3,35,260
823,Introduction to Threat,2,20,131
824,Introduction to Drug,1,63,704
825,Introduction to Professional,3,47,615
826,Introduction to Firm,4,49,703
827,Introduction to Lawyer,2,86,753
828,Introduction to Return,3,23,73
829,Introduction to Line,3,26,526
830,Introduction to Provide,2,4,357
831,Introduction to Close,2,67,675
832,Introduction to Bill,3,93,200
833,Introduction to Culture,2,90,725
834,Introduction to Wide,1,27,584
835,Introduction to Weight,4,81,286
836,Introduction to Administration,2,35,694
837,Introduction to Truth,1,26,813
838,Introduction to Set,4,33,482
839,Introduction to Should,3,79,734
840,Introduction to Politics,2,93,157
841,Introduction to Want,4,96,435
842,Introduction to Recent,2,17,262
843,Introduction to State,1,53,117
844,Introduction to Our,3,98,661
845,Introduction to Performance,4,57,310
846,Introduction to Exactly,4,63,383
847,Introduction to Tax,1,85,179
848,Introduction to From,4,5,658
849,Introduction to Yourself,3,43,786
850,Introduction to Film,2,17,279
851,Introduction to Cause,2,74,86
852,Introduction to Teach,3,45,336
853,Introduction to There,1,69,644
854,Introduction to Person,4,88,85
855,Introduction to Miss,2,36,504
856,Introduction to Pressure,2,50,695
857,Introduction to Trial,1,42,791
858,Introduction to Management,3,8,153
859,Introduction to Know,4,70,352
860,Introduction to Group,1,2,282
861,Introduction to Challenge,3,100,490
862,Introduction to Look,1,13,81
863,Introduction to Site,2,11,994
864,Introduction to Technology,2,36,46
865,Introduction to Most,4,6,992
866,Introduction to May,1,81,623
867,Introduction to Onto,4,26,557
868,Introduction to Against,1,36,50
869,Introduction to Individual,1,21,358
870,Introduction to Cost,3,84,593
871,Introduction to Sort,2,42,10
872,Introduction to Month,2,36,595
873,Introduction to Especially,2,44,347
874,Introduction to Team,3,59,939
875,Introduction to Minute,4,3,565
876,Introduction to Early,3,17,780
877,Introduction to Tree,2,30,408
878,Introduction to Particular,3,98,719
879,Introduction to Leave,2,26,835
880,Introduction to Out,1,75,76
881,Introduction to Face,3,14,362
882,Introduction to With,1,74,701
883,Introduction to Page,3,36,929
884,Introduction to Skin,3,39,580
885,Introduction to Represent,4,99,604
886,Introduction to Partner,2,14,814
887,Introduction to Couple,4,67,600
888,Introduction to Spring,4,4,841
889,Introduction to Ahead,2,8,572
890,Introduction to Growth,1,85,320
891,Introduction to Item,3,25,952
892,Introduction to Say,1,46,486
893,Introduction to Loss,3,89,119
894,Introduction to Worry,4,53,946
895,Introduction to Soldier,2,98,965
896,Introduction to Since,1,63,840
897,Introduction to History,2,5,436
898,Introduction to Street,3,73,262
899,Introduction to Surface,3,80,519
900,Introduction to Alone,3,30,533
901,Introduction to Perhaps,4,87,719
902,Introduction to Fine,1,95,863
903,Introduction to Middle,4,41,722
904,Introduction to Use,4,23,183
905,Introduction to Pretty,4,10,808
906,Introduction to Traditional,4,39,77
907,Introduction to Article,2,79,686
908,Introduction to Your,2,45,150
909,Introduction to Throughout,3,23,891
910,Introduction to Police,4,19,823
911,Introduction to Health,3,13,684
912,Introduction to Training,1,34,755
913,Introduction to According,2,54,250
914,Introduction to Dream,4,71,660
915,Introduction to Total,2,80,612
916,Introduction to Put,2,5,667
917,Introduction to Both,3,86,135
918,Introduction to Card,3,29,540
919,Introduction to Room,4,47,270
920,Introduction to So,2,82,13
921,Introduction to Everybody,2,57,19
922,Introduction to Among,4,96,155
923,Introduction to Their,1,18,86
924,Introduction to Great,2,40,122
925,Introduction to Wish,4,96,314
926,Introduction to Rate,2,79,486
927,Introduction to Best,1,58,422
928,Introduction to Lot,1,49,240
929,Introduction to Approach,4,71,90
930,Introduction to Concern,4,63,571
931,Introduction to Dinner,1,73,394
932,Introduction to Shake,4,76,573
933,Introduction to Carry,4,18,967
934,Introduction to Thank,2,92,759
935,Introduction to Author,2,69,835
936,Introduction to Course,2,23,478
937,Introduction to Family,4,53,645
938,Introduction to Series,2,70,665
939,Introduction to Prove,4,6,162
940,Introduction to Professor,2,100,352
941,Introduction to Anything,2,87,371
942,Introduction to Executive,4,20,363
943,Introduction to Guess,4,5,996
944,Introduction to Authority,2,51,547
945,Introduction to Cold,1,16,26
946,Introduction to Character,4,33,337
947,Introduction to Oil,4,35,906
948,Introduction to Suggest,1,6,605
949,Introduction to Wait,4,20,79
950,Introduction to None,1,4,835
951,Introduction to Garden,3,4,936
952,Introduction to Nearly,2,39,471
953,Introduction to Almost,4,68,305
954,Introduction to Movement,3,30,81
955,Introduction to Process,1,93,805
956,Introduction to That,1,16,707
957,Introduction to Green,1,57,654
958,Introduction to Six,2,70,345
959,Introduction to Only,2,95,594
960,Introduction to At,4,9,265
961,Introduction to Chair,2,25,553
962,Introduction to Writer,2,38,265
963,Introduction to Address,3,30,261
964,Introduction to Consider,4,35,140
965,Introduction to Section,3,48,675
966,Introduction to Common,2,58,325
967,Introduction to Late,2,91,812
968,Introduction to Record,3,65,582
969,Introduction to Never,1,27,382
970,Introduction to Around,2,63,459
971,Introduction to Human,4,90,29
972,Introduction to Random Course 972,4,67,482
973,Introduction to Random Course 973,2,42,128
974,Introduction to Random Course 974,4,19,455
975,Introduction to Random Course 975,4,77,503
976,Introduction to Random Course 976,4,47,227
977,Introduction to Random Course 977,3,97,245
978,Introduction to Random Course 978,3,73,308
979,Introduction to Random Course 979,3,76,707
980,Introduction to Random Course 980,3,84,675
981,Introduction to Random Course 981,2,14,4
982,Introduction to Random Course 982,2,50,704
983,Introduction to Random Course 983,1,79,879
984,Introduction to Random Course 984,1,50,744
985,Introduction to Random Course 985,4,24,286
986,Introduction to Random Course 986,2,1,286
987,Introduction to Random Course 987,4,99,713
988,Introduction to Random Course 988,1,82,447
989,Introduction to Random Course 989,2,19,13
990,Introduction to Random Course 990,2,31,585
991,Introduction to Random Course 991,3,14,913
992,Introduction to Random Course 992,1,85,483
993,Introduction to Random Course 993,4,59,3
994,Introduction to Random Course 994,1,52,596
995,Introduction to Random Course 995,2,56,623
996,Introduction to Random Course 996,1,88,212
997,Introduction to Random Course 997,3,43,37
998,Introduction to Random Course 998,1,54,717
999,Introduction to Random Course 999,3,26,112
1000,Introduction to Random Course 1000,2,35,970
